name,d1,d2,d3,d4,d5
MicrosoftCorp.(msft),107.52,116.49,106.78,131.87,88.09
"Apple,Inc.(aapl)",112.49,222.36,136.86,100.44,115.61
"Amazon.com,Inc.(amzn)",25.35,32.68,21.34,26.25,35.61
"Facebook,Inc.(fb)",49.02,73.49,60.91,26.16,24.29
"Alphabet,Inc.(googl)",68.36,106.71,70.68,99.47,66.57
"Alphabet,Inc.(goog)",68.36,106.71,70.68,99.47,66.57
Johnson&Johnson(jnj),57.96,40.1,17.53,56.07,37.49
"BerkshireHathaway,Inc.(brk.b)",-496.97,292.3,166.57,141.73,217.32
"Visa,Inc.(v)",29.73,31.54,29.16,29.91,28.71
JPMorganChase&Co.(jpm),28.52,84.77,90.29,95.96,91.27
Procter&GambleCo.(pg),29.57,37.43,36.17,-52.37,27.76
"UnitedHealthGroup,Inc.(unh)",0,0,0,0,0
"Mastercard,Inc.(ma)",16.93,21,21.08,20.48,18.62
"TheHomeDepot,Inc.(hd)",22.45,22.45,24.81,27.69,34.79
IntelCorp.(intc),56.61,56.61,69.05,59.9,41.79
"VerizonCommunications,Inc.(vz)",42.87,52.17,53.37,40.74,51.6
NVIDIACorp.(nvda),9.17,9.5,8.99,5.52,3.94
"AT&T,Inc.(t)",49.63,27.04,39.49,39.74,43.48
TheWaltDisneyCo.(dis),5.35,5.2,21.73,9.14,16.23
BankofAmericaCorp.(bac),40.1,69.94,57.77,73.48,73.11
ExxonMobilCorp.(xom),-7.7,57.3,32.47,33.91,24.06
"Adobe,Inc.(adbe)",11,9.55,9.55,8.52,7.93
"CiscoSystems,Inc.(csco)",27.74,27.74,28.78,29.26,22.06
"Merck&Co.,Inc.(mrk)",32.19,23.64,19.07,26.44,28.62
"Netflix,Inc.(nflx)",7.09,5.87,6.65,2.71,3.44
"PayPalHoldings,Inc.(pypl)","8,400.00",5.07,4.62,8.23,6.67
PfizerInc.(pfe),34.1,-3.27,76.8,50.56,38.89
"PepsiCo,Inc.(pep)",13.51,17.78,21.1,20.43,14.22
ComcastCorp.(cmcsa),22.24,32,32.88,32.03,36.32
TheCoca-ColaCo.(ko),27.95,20.65,25.89,26.28,16.46
ChevronCorp.(cvx),35.81,-66.67,25.8,42.9,26.42
"Walmart,Inc.(wmt)",40.74,42.94,33.21,36.8,39.06
"AbbVie,Inc.(abbv)",29.96,27.88,18.74,7.33,24.44
"salesforce.com,inc.(crm)","9,900.00",-2.48,-1.09,"9,100.00",3.92
AbbottLaboratories(abt),5.41,10.44,9.54,10,6.68
McDonald'sCorp.(mcd),11.07,15.72,16.08,15.17,13.28
"ThermoFisherScientific,Inc.(tmo)",7.88,10.02,7.6,11.19,8.15
CostcoWholesaleCorp.(cost),8.52,9.47,9.47,8.56,11.1
"Amgen,Inc.(amgn)",18.25,17.03,19.68,21.79,19.92
Bristol-MyersSquibbCo.(bmy),-7.66,-10.6,13.66,14.39,17.15
AccenturePlc(acn),12.52,13.75,11.46,12.69,11.41
MedtronicPlc(mdt),6.4,19.19,13.71,8.77,11.82
"NIKE,Inc.(nke)",8.47,11.15,13.67,9.89,11.01
"NextEraEnergy,Inc.(nee)",3.08,8.44,7.98,11.39,6.06
"Broadcom,Inc.(avgo)",5.63,5.68,3.85,3.8,8.47
EliLilly&Co.(lly),14.57,14.96,12.54,13.27,5.61
UnionPacificCorp.(unp),14.74,14.03,15.55,15.7,13.91
AmericanTowerCorp.(amt),4.15,5.63,4.99,4.29,3.97
TexasInstrumentsIncorporated(txn),11.68,10.63,14.16,12.96,12.09
"Citigroup,Inc.(c)",25.13,49.66,49.16,47.42,46.78
OracleCorp.(orcl),31.16,25.99,23.57,21.77,37.4
"PhilipMorrisInternational,Inc.(pm)",19.82,17.78,20.41,24.31,14.6
LindePlc(lin),6.06,5.34,7.31,5.42,4.65
WellsFargo&Co.(wfc),5.05,29.24,48.12,63.38,59.67
DanaherCorp.(dhr),5.95,7.93,6.74,7.31,3.34
InternationalBusinessMachinesCorp.(ibm),11.81,36.75,16.8,25.04,16
"HoneywellInternational,Inc.(hon)",16.06,15.9,16.48,15.56,14.36
TheBoeingCo.(ba),-6.41,-10.1,11.66,-29.42,21.47
TheBoeingCo.(ba),-6.41,-10.1,11.66,-29.42,21.47
"QUALCOMM,Inc.(qcom)",4.68,9.25,5.06,21.49,6.63
"Lowe'sCos.,Inc.(low)",13.33,5.08,10.46,16.7,10.43
"GileadSciences,Inc.(gild)",15.38,26.89,-11.68,18.75,19.68
LockheedMartinCorp.(lmt),17.17,14.98,16.08,14.2,17.04
StarbucksCorp.(sbux),3.25,8.85,8.03,13.73,6.59
3MCo.(mmm),12.94,9.7,15.88,11.31,8.93
"FidelityNationalInformationServices,Inc.(fis)","1,800.00",-1.57,1.56,1.55,1.49
"BlackRock,Inc.(blk)",8.06,13.01,11.19,10.03,10.53
"CharterCommunications,Inc.(chtr)",4.67,8.22,4.67,3.86,3.17
CVSHealthCorp.(cvs),20.12,17.42,15.29,19.3,14.25
"S&PGlobal,Inc.(spgi)",6.89,5.86,6.62,6.02,4.53
"AltriaGroup,Inc.(mo)",15.48,-18.16,-26.03,19.95,11.19
"UnitedParcelService,Inc.(ups)",9.65,-1.06,17.5,16.85,11.11
"ServiceNow,Inc.(now)","4,823.10",5.99,"4,059.80","-1,107.90",-154.5
"MondelezInternational,Inc.(mdlz)",7.6,7.29,14.28,8.08,9.2
"Intuit,Inc.(intu)",10.84,2.4,"5,700.00","-4,400.00",13.78
CignaCorp.(ci),0,0,0,0,0
AmericanExpressCo.(axp),3.33,16.61,17.23,17.29,15.18
"Prologis,Inc.(pld)",4.89,3.85,4.51,3.84,3.47
CrownCastleInternationalCorp.(cci),1.57,1.8,2.44,2.18,1.82
"DominionEnergy,Inc.(d)",-2.39,10.1,9.85,"5,800.00",-6.77
"BookingHoldings,Inc.(bkng)",-6.99,11.71,19.5,9.79,7.65
"Becton,Dickinson&Co.(bdx)",1.83,2.78,1.5,4.51,"2,000.00"
"VertexPharmaceuticals,Inc.(vrtx)",6.03,5.83,"5,751.80",2.67,2.69
"Caterpillar,Inc.(cat)",10.93,10.97,14.94,16.19,18.84
"Anthem,Inc.(antm)",0,0,0,0,0
"IntuitiveSurgical,Inc.(isrg)",3.16,3.63,3.99,3.16,3.04
"TheGoldmanSachsGroup,Inc.(gs)",12.13,19.17,18.77,24.21,22.51
"AdvancedMicroDevices,Inc.(amd)",1.62,1.7,1.2,"3,500.00","1,600.00"
"TheTJXCos.,Inc.(tjx)",-8.87,9.85,8.28,7.59,7
"AutomaticDataProcessing,Inc.(adp)",8.21,6.52,5.82,4.76,7.54
"Zoetis,Inc.(zts)",4.23,3.84,4.33,3.71,3.12
DukeEnergyCorp.(duk),8.9,6.14,13.23,7.48,8.93
GeneralElectricCo.(ge),64.12,8.45,-12.9,-1.26,10.5
"CMEGroup,Inc.(cme)",7.66,4.7,6.36,5.14,4.97
Colgate-PalmoliveCo.(cl),7.48,6.82,6.27,6.18,6
"Equinix,Inc.(eqix)",1.19,1.25,1.21,1.44,1.18
StrykerCorp.(syk),4.93,7.25,4.66,4.8,4.12
TargetCorp.(tgt),2.84,8.33,7.06,9.38,7.92
"RegeneronPharmaceuticals,Inc.(regn)",6.25,7.92,6.7,1.93,4.61
TheSouthernCo.(so),8.41,4.09,13.45,9.31,20.59
ChubbLtd.(cb),0,0,0,0,0
"Fiserv,Inc.(fisv)",3.77,2.41,2.25,2.23,2.25
"ActivisionBlizzard,Inc.(atvi)",5.05,5.25,2.04,3.28,4.47
MorganStanley(ms),17.8,23.05,22.18,22.46,24.68
U.S.Bancorp(usb),11.74,14.87,19.09,18.2,17.01
"MicronTechnology,Inc.(mu)",4.07,4.07,5.08,5.86,8.51
CSXCorp.(csx),7.7,7.71,8.56,8.7,8.34
"GlobalPayments,Inc.(gpn)",1.51,1.14,1.06,1.3,1.19
"Marsh&McLennanCos.,Inc.(mmc)",7.54,3.91,3.03,3.32,7.16
TruistFinancialCorp.(tfc),10.63,7.26,8.28,8.85,7.98
"AppliedMaterials,Inc.(amat)",7.55,8.92,6.98,5.71,6.66
"AirProducts&Chemicals,Inc.(apd)",5.05,4.89,5.19,5,4.34
"IntercontinentalExchange,Inc.(ice)",6.5,4.48,5.29,4.72,4.84
"Illumina,Inc.(ilmn)",1.73,2.39,2.34,2.93,2.24
"Autodesk,Inc.(adsk)","6,650.00",1.32,"6,670.00","4,020.00","-2,420.00"
"Biogen,Inc.(biib)",13.93,14.4,15.46,14.94,14.09
"Humana,Inc.(hum)",0,0,0,0,0
"Ecolab,Inc.(ecl)",2.9,4.34,4.69,3.72,3
BostonScientificCorp.(bsx),"1,100.00",39.96,1.26,1.54,4.24
"ThePNCFinancialServicesGroup,Inc.(pnc)",9.11,13.87,13.98,13.78,12.66
NorthropGrummanCorp.(noc),8.68,-4.09,9.33,8.61,8.63
Deere&Co.(de),6.66,5.18,7.22,8.99,11.36
"IllinoisToolWorks,Inc.(itw)",5.66,6.41,6.6,6.23,5.97
DollarGeneralCorp.(dg),6.5,5.35,3.66,4.27,3.85
Kimberly-ClarkCorp.(kmb),6.75,5.56,6.8,4.95,4.66
ConocoPhillips(cop),-17.11,7.43,30.71,15.97,18.46
TheSherwin-WilliamsCo.(shw),3.22,2.49,5.76,4.71,2.45
NewmontCorp.(nem),8.39,5.33,22.52,"2,600.00",1.45
ProgressiveCorp.(pgr),0,0,0,0,0
NorfolkSouthernCorp.(nsc),3.8,6.65,6.56,7.2,6.76
Moody'sCorp.(mco),4.87,3.61,3.82,3.12,3.74
"AnalogDevices,Inc.(adi)",2.68,2.68,2.04,2.77,3.62
AonPlc(aon),7.72,3.74,2.22,2.77,6.59
EdwardsLifesciencesCorp.(ew),3.11,2.8,2.75,2.42,2.5
"BaxterInternational,Inc.(bax)",3.33,"-1,900.00",3.75,3.43,3.47
"TheEst√©eLauderCompanies,Inc.(el)",-400,5.61,5.98,1.58,5.57
LamResearchCorp.(lrcx),5.75,5.15,4.66,5.42,5.47
TheCharlesSchwabCorp.(schw),7.57,8.01,9.13,8.87,9.25
"L3HarrisTechnologies,Inc.(lhx)",1.95,7.25,4.35,2.68,2.42
"RoperTechnologies,Inc.(rop)",2.4,8.71,2.78,2.5,3.7
"WasteManagement,Inc.(wm)",3.61,4.47,4.95,3.82,3.47
"AmericanElectricPowerCo.,Inc.(aep)",4.99,1.53,7.34,4.59,5.74
"T-MobileUS,Inc.(tmus)",9.51,7.51,8.7,9.39,9.08
"DuPontdeNemours,Inc.(dd)",-6.1,1.91,3.72,-11.03,5.7
EmersonElectricCo.(emr),5.24,3.29,7.24,6.12,5.25
ExelonCorp.(exc),3.76,8.08,7.6,4.94,9.66
"ElectronicArts,Inc.(ea)",4.18,3.46,8.54,14.21,2.09
"GeneralMills,Inc.(gis)",4.64,5.91,5.29,5.81,4.58
"DigitalRealtyTrust,Inc.(dlr)",2.03,3.16,"4,982.70","3,173.80","9,586.90"
"eBay,Inc.(ebay)",4.85,5.58,3.1,4.03,5.21
"DexCom,Inc.(dxcm)","1,990.00","9,270.00","4,580.00","-1,050.00","-2,690.00"
CenteneCorp.(cnc),0,0,0,0,0
GeneralDynamicsCorp.(gd),7.06,10.2,9.13,8.06,7.45
EatonCorp.Plc(etn),4.38,4.53,6.02,6.36,5.22
SempraEnergy(sre),8.67,4.29,6.53,3.57,5.6
GeneralMotorsCo.(gm),2.86,-1.92,23.11,24.03,21.45
SBACommunicationsCorp.(sbac),-1.27,"6,735.00","2,167.90","3,197.30","2,598.90"
Phillips66(psx),-24.28,8.09,7.91,15.02,2.69
"XcelEnergy,Inc.(xel)",2.95,2.92,5.27,2.38,3.15
CapitalOneFinancialCorp.(cof),-13.43,11.73,13.15,15.95,13.98
"RossStores,Inc.(rost)",-3.06,4.56,3.71,4.13,4.21
TheBankofNewYorkMellonCorp.(bk),9.59,14.43,10.38,10.17,9.51
FedExCorp.(fdx),3.14,5.59,7.44,-19.67,7.38
TheAllstateCorp.(all),0,0,0,0,0
"O'ReillyAutomotive,Inc.(orly)",3,3.25,3.91,3.54,3.21
"Dow,Inc.(dow)",2.56,-23.12,3.45,"8,800.00",5.86
"WalgreensBootsAlliance,Inc.(wba)",9.52,8.41,6.86,10.37,11.39
"KinderMorgan,Inc.(kmi)",-2.94,6.24,5.14,5.25,5.64
"EOGResources,Inc.(eog)",981.3,6.37,6.15,8.48,6.35
CognizantTechnologySolutionsCorp.(ctsh),3.67,3.95,4.97,5.09,4.41
"MetLife,Inc.(met)",0,0,0,0,0
PublicStorage(psa),3.13,3.27,3.37,3.06,3.02
"TheTravelersCos.,Inc.(trv)",0,0,0,0,0
KLACorp.(klac),"7,800.90",3.8,3.46,2.17,1.93
"ConstellationBrands,Inc.(stz)",4.09,3.67,-5.17,-2.37,12.49
"T.RowePriceGroup,Inc.(trow)",3.34,5.31,5.32,5.14,5
"AmericanInternationalGroup,Inc.(aig)",0,"4,900.00",0,-100,0
AmphenolCorp.(aph),2.43,3.21,2.82,2.91,2.7
"WECEnergyGroup,Inc.(wec)",4.53,2.44,2.34,2.36,4.2
IHSMarkitLtd.(info),4.84,2.02,"3,920.00",1.49,1.09
SyscoCorp.(syy),-329.7,3.83,4.54,5.36,4.4
"Yum!Brands,Inc.(yum)","8,300.00",4.88,2.55,2.89,2.62
"Synopsys,Inc.(snps)",1.1,1.04,1.61,"9,992.90",1.18
"HCAHealthcare,Inc.(hca)",6.98,12.73,7.64,9.27,11.81
"MSCI,Inc.(msci)",1.48,1.23,1.37,1.26,1.78
EversourceEnergy(es),3.37,2.52,3.21,"3,333.40",3.11
JohnsonControlsInternationalPlc(jci),2.36,1.91,6.54,2.25,2.74
"Aflac,Inc.(afl)",0,0,0,0,0
"VeriskAnalytics,Inc.(vrsk)",1.72,1.32,"3,290.00",1.5,1.34
"AgilentTechnologies,Inc.(a)",1.01,1.97,1.94,1.91,1.82
SchlumbergerNV(slb),-73.68,3.43,-113.73,4.94,4.3
TEConnectivityLtd.(tel),-4.52,"2,300.00",3.76,7.58,4.29
"AutoZone,Inc.(azo)",3.43,2.99,3.5,5.65,4.06
"IDEXXLaboratories,Inc.(idxx)",1.12,"9,054.40",1.09,1.26,1.03
"Twitter,Inc.(twtr)",-839.6,1.19,"3,652.20",11.2,1.91
MonsterBeverageCorp.(mnst),2.79,2.55,2.99,2.92,2.61
"ChipotleMexicanGrill,Inc.(cmg)","7,638.80","7,241.60","9,858.20","9,102.80","8,813.20"
"ZimmerBiometHoldings,Inc.(zbh)",-5.09,3.21,4.32,1.32,2.46
TheCloroxCo.(clx),2.41,1.85,2.03,2.41,1.87
ValeroEnergyCorp.(vlo),-17.55,13.26,6.38,6.46,1.66
"PrudentialFinancial,Inc.(pru)",0,0,0,0,0
"Cummins,Inc.(cmi)",5.28,2.98,6.16,6.85,6.69
TheKrogerCo.(kr),3.15,1.43,2.87,7.63,2.48
"CadenceDesignSystems,Inc.(cdns)",1.24,6.6,1.02,1.07,1.21
"PACCAR,Inc.(pcar)",3.59,5.31,6.08,6.2,6.29
FordMotorCo.(f),-19.93,-16.72,4.23,1.5,11.83
"IQVIAHoldings,Inc.(iqv)","9,100.00","2,000.00","6,900.00","7,100.00","6,700.00"
"ConsolidatedEdison,Inc.(ed)",3.92,3.13,5.03,1.79,4.45
"PublicServiceEnterpriseGroup,Inc.(peg)",4.48,4.37,4.03,1.53,7
"HP,Inc.(hpq)",7.64,6.78,3.88,11.79,7.82
"MarriottInternational,Inc.(mar)","3,100.00",2.79,3.87,2.32,3.75
MarathonPetroleumCorp.(mpc),-102.18,2.62,13.67,13.67,2.59
McKessonCorp.(mck),10.72,2.47,-6.76,4.83,-7.44
"AlexionPharmaceuticals,Inc.(alxn)",5.58,8.89,4.68,4.6,5.88
"PPGIndustries,Inc.(ppg)",2.48,3.03,3.72,2.77,3.17
WillisTowersWatsonPlc(wltw),3.05,5.44,"7,500.00",1.38,2.87
"RockwellAutomation,Inc.(rok)",1.3,3.15,810,2.61,3.46
"MicrochipTechnology,Inc.(mchp)","9,990.00",3.11,1.09,"5,070.00",1.75
"Paychex,Inc.(payx)",3.55,2.59,2.64,2.3,3.25
Parker-HannifinCorp.(ph),3.67,2.05,3.39,4.14,4.11
"MotorolaSolutions,Inc.(msi)",1.98,2.44,2.68,2.08,1.52
"ANSYS,Inc.(anss)","4,606.40",1.66,"8,946.30",1.1,"8,623.00"
"ResMed,Inc.(rmd)",1.63,1.61,1.2,"6,879.70",1.05
"AmericanWaterWorksCo.,Inc.(awk)",1.24,"9,800.00",2.4,1.7,1.13
FastenalCo.(fast),2.03,1.79,2.14,2.05,1.94
"TheWilliamsCos.,Inc.(wmb)",-5.7,"-5,100.00",2.42,3.24,2.14
"SimonPropertyGroup,Inc.(spg)",4.37,5.08,5.34,4.93,5.48
"TransDigmGroup,Inc.(tdg)",3.23,"4,900.00",2.3,1.45,2.03
"Xilinx,Inc.(xlnx)",1.62,1.62,2.27,2.41,2.45
StateStreetCorp.(stt),6.34,5.64,5.83,5.87,5.07
"Welltower,Inc.(well)","4,746.00",2.12,"1,962.60",1.39,1.13
"AvalonBayCommunities,Inc.(avb)",1.68,1.67,2.79,1.68,1.7
BallCorp.(bll),"2,300.00",1.3,"9,200.00",1.97,1.17
"FleetCorTechnologies,Inc.(flt)",1.47,2.36,2.26,2.62,1.72
CintasCorp.(ctas),2.32,2.44,2.49,2.26,1.98
EquityResidential(eqr),3.08,2.89,2.64,3.08,1.04
Archer-Daniels-MidlandCo.(adm),3.91,4.99,4.08,2.38,2.34
FirstEnergyCorp.(fe),"2,400.00",-1.81,3.89,3.41,3.55
"HiltonWorldwideHoldings,Inc.(hlt)","1,800.00",1.76,2.9,2.61,1.59
TraneTechnologiesPlc(tt),"5,280.00",2.77,4.39,4.66,2.06
"SkyworksSolutions,Inc.(swks)",1.81,2.57,2.11,1.44,2.14
RealtyIncomeCorp.(o),1.47,1.29,1.01,"9,519.40",1.11
CernerCorp.(cern),1.47,1.54,"8,193.50",1.27,1.66
EdisonInternational(eix),2.13,1.73,5.02,4.22,3.08
"VeriSign,Inc.(vrsn)",3.34,1.48,1.54,1.48,1.63
"DollarTree,Inc.(dltr)",2.48,1.23,2.56,1.8,2.68
"Corning,Inc.(glw)","-9,600.00","3,200.00",3.37,"9,200.00",4.99
"McCormick&Co.,Inc.(mkc)",1.45,2.13,1.92,1.49,1.48
VFCorp.(vfc),-4.83,4.53,6.49,"9,724.90",1.29
PPLCorp.(ppl),5.53,3.65,4.75,4.4,4.66
"StanleyBlack&Decker,Inc.(swk)",1.33,1.99,2.31,3.57,1.7
DTEEnergyCo.(dte),3.41,2.68,3.16,1.79,4.07
"Equifax,Inc.(efx)",1.15,"1,080.00","8,250.00","6,830.00",-5.54
"AlexandriaRealEstateEquities,Inc.(are)","1,684.00",2,"-4,977.30","7,633.00",1.24
"Corteva,Inc.(ctva)",2.81,"-4,200.00",-5.27,4.83,"8,900.00"
"AMETEK,Inc.(ame)",2.81,2.21,2.21,2.16,2.04
TheKraftHeinzCo.(khc),3.81,1.83,8.98,4.48,4.04
EntergyCorp.(etr),1.23,3.9,3.69,2.41,2.59
"Fortinet,Inc.(ftnt)",1.04,1.15,"7,980.00","7,270.00","5,880.00"
TheHersheyCo.(hsy),2.69,2.04,3.25,3.13,3.04
AptivPlc(aptv),15.67,2.41,2.52,2.71,2.45
SouthwestAirlinesCo.(luv),"-9,400.00",5.14,6.59,7.41,3.87
"AmeripriseFinancial,Inc.(amp)",20.36,4.63,5.43,4.92,3.95
FortiveCorp.(ftv),"4,230.00",1.79,2.07,1.75,1.64
"MarketAxessHoldings,Inc.(mktx)","7,481.60","5,027.30","5,400.20","4,810.50","5,252.20"
"Mettler-ToledoInternational,Inc.(mtd)","9,811.50",1.93,1.29,1.27,1.12
"D.R.Horton,Inc.(dhi)",4.84,4.33,5.04,4.74,3.54
"AlignTechnology,Inc.(algn)",15.18,1.21,1.03,1.47,"7,184.80"
"TysonFoods,Inc.(tsn)",3.67,5.61,3.72,6.81,4.3
"KeysightTechnologies,Inc.(keys)","7,100.00",1.63,1.95,1.59,1.53
"BestBuyCo.,Inc.(bby)",1.59,7.45,2.93,2.38,2.65
"FirstRepublicBank(SanFrancisco,California)(frc)",2.19,2.46,2.35,2.23,2.27
"Church&DwightCo.,Inc.(chd)",2.3,1.44,1.57,1.39,1.76
LennarCorp.(len),5.16,3.87,6.65,5.08,4.16
"Copart,Inc.(cprt)",1.47,1.69,2.18,1.53,1.93
NorthernTrustCorp.(ntrs),3.57,3.67,3.8,3.86,3.43
AmerenCorp.(aee),1.48,"9,500.00",3.66,1.8,1.93
ArthurJ.Gallagher&Co.(ajg),3.46,"9,850.00",1.26,1.1,3.34
"DeltaAirLines,Inc.(dal)",-5.34,10.99,14.95,14.43,7.3
LyondellBasellIndustriesNV(lyb),1.43,6.11,9.67,10.04,8.16
"RepublicServices,Inc.(rsg)",2.47,2.9,2.98,2.51,2.35
DiscoverFinancialServices(dfs),"-6,200.00",7.05,7.64,7.47,7.21
OccidentalPetroleumCorp.(oxy),-20.13,-10.35,-7.37,6.32,6.28
LasVegasSandsCorp.(lvs),"-5,100.00",7.83,6.69,11.08,7.44
"Teleflex,Inc.(tfx)",1.31,1.08,2.29,"8,332.80","4,191.80"
CMSEnergyCorp.(cms),2.43,1.68,2.07,"9,400.00",2.13
LaboratoryCorp.ofAmericaHoldings(lh),-3.17,2.27,2.21,1.91,1.86
IncyteCorp.(incy),-7.21,1.11,1.28,1.05,1.02
"CitrixSystems,Inc.(ctxs)",1.81,2.07,2.71,"9,349.50",1.1
CDWCorp.(cdw),1.68,1.86,2.02,1.97,1.53
WeyerhaeuserCo.(wy),1.5,"-1,400.00","9,900.00",1.28,-2.89
KelloggCo.(k),3.5,1.52,2.48,2.92,2.85
"AkamaiTechnologies,Inc.(akam)",1.23,1.19,1.38,1.14,1.07
"ConagraBrands,Inc.(cag)",2.05,2.62,1.74,1.25,2.43
"CBREGroup,Inc.(cbre)",1.72,6.38,2.57,2.24,1.64
"EssexPropertyTrust,Inc.(ess)",3.15,1.29,"9,933.50","9,227.50",1.19
PioneerNaturalResourcesCo.(pxd),2.88,3.42,2.3,-1.69,3.48
"MaximIntegratedProducts,Inc.(mxim)",1.61,1.46,1.4,3.68,1.31
"CardinalHealth,Inc.(cah)",3.51,2.2,-49.21,1.94,2.96
"OldDominionFreightLine,Inc.(odfl)",1.33,1.44,1.64,1.74,1.33
"WestPharmaceuticalServices,Inc.(wst)","7,430.00","6,390.00","5,630.00","6,610.00","5,540.00"
"Take-TwoInteractiveSoftware,Inc.(ttwo)",1.23,1.64,"7,181.50","4,628.00","5,682.90"
"CarMax,Inc.(kmx)",2.15,1.73,2.34,2.67,1.93
FifthThirdBancorp(fitb),"4,600.00",7.29,5.45,4.49,7.67
"Freeport-McMoRan,Inc.(fcx)",-5.52,"4,200.00",-2.38,"-7,700.00","7,200.00"
"PaycomSoftware,Inc.(payc)","6,298.80","4,536.10","3,913.40","4,870.80","4,722.70"
"ONEOK,Inc.(oke)",-1.42,3.2,3.09,3.12,3.37
"QuestDiagnostics,Inc.(dgx)",1.06,2.64,2.25,2.19,1.75
VulcanMaterialsCo.(vmc),"5,999.80",1.43,2.18,1.98,"6,393.50"
"Ventas,Inc.(vtr)",4.73,"1,144.30","8,525.90",2.11,1.26
"TheHartfordFinancialServicesGroup,Inc.(hig)",0,0,0,0,0
KansasCitySouthern(ksu),1.52,1.28,1.81,1.29,1.03
M&TBankCorp.(mtb),2.68,4.9,4.78,4.71,4.8
"Domino'sPizza,Inc.(dpz)",1.22,1.29,"8,637.30","9,235.90","9,265.00"
AmerisourceBergenCorp.(abc),9.71,1.87,1.32,3.02,"2,807.30"
TractorSupplyCo.(tsco),"8,377.70",1.44,1.22,2.19,"7,683.20"
"TheCooperCos.,Inc.(coo)","1,150.00","9,050.00",1.21,1.2,1.22
DoverCorp.(dov),1.76,1.68,2.06,1.98,1.06
ZebraTechnologiesCorp.(zbra),"8,900.00",1.69,1.36,1.24,1.15
"Hologic,Inc.(holx)","9,480.00",3.86,"3,990.00","9,390.00",-2.73
"BroadridgeFinancialSolutions,Inc.(br)",1.67,"1,010.00","5,590.00",1.83,1.72
"HealthpeakProperties,Inc.(peak)",2.77,"4,320.00","-4,624.90","-1,399.10","6,102.90"
SynchronyFinancial(syf),2.75,7.31,10.56,8.53,11.07
InternationalPaperCo.(ip),-1.41,1.66,3.42,2.86,4.26
"BostonProperties,Inc.(bxp)",4.96,1.41,1.08,1.64,"9,810.50"
"InternationalFlavors&Fragrances,Inc.(iff)",1.27,"7,987.70",1.3,1.39,1.11
"Evergy,Inc.(evrg)","7,220.00","6,670.00",3.71,1.45,1.03
GarminLtd.(grmn),1.61,3.61,2.28,2.24,1.4
"Nasdaq,Inc.(ndaq)",2.03,2.02,1.5,1.74,2.47
"Mid-AmericaApartmentCommunities,Inc.(maa)","3,567.60",1.48,"7,760.50","6,089.90","6,265.10"
MascoCorp.(mas),1.4,1.68,1.95,2.5,1.26
"ViacomCBS,Inc.(viac)",5.11,-2.69,3.19,4.4,15.83
DukeRealtyCorp.(dre),"1,905.20","8,636.30",2.26,"7,056.60","4,400.80"
"JackHenry&Associates,Inc.(jkhy)","7,385.50","7,209.80","8,937.00","6,099.30","5,925.20"
"W.W.Grainger,Inc.(gww)",1.85,1.17,2.44,2.72,2.59
Hewlett-PackardEnterpriseCo.(hpe),-8.21,3.33,4.8,"-2,700.00",4.19
KeyCorp(key),1.44,4.66,4.13,4.23,4.06
"LeidosHoldings,Inc.(ldos)",1.15,1.81,1.62,1.38,1.89
HormelFoodsCorp.(hrl),2.28,2.43,2.56,1.99,2.83
STERISPlc(Ireland)(ste),1.23,1.05,"9,514.20","8,477.70",1.09
"UltaBeauty,Inc.(ulta)","-7,850.90",2.23,1.3,1.61,1.92
Tiffany&Co.(tif),"-6,460.00",2.01,"7,840.00",1.36,1.25
HessCorp.(hes),-23.66,-1.83,-1.66,"3,400.00","7,500.00"
"Qorvo,Inc.(qrvo)","5,039.00",1.61,"8,303.80","3,954.10","6,151.70"
FMCCorp.(fmc),2.13,"3,070.00",1.11,1.94,2.07
NucorCorp.(nue),"5,374.90",1.34,2.92,4.1,5.29
"ExtraSpaceStorage,Inc.(exr)",1.08,1.12,1.08,1.05,"9,460.30"
"ExpeditorsInternationalofWashington,Inc.(expd)",1.23,1.38,1.61,1.54,1.4
WesternDigitalCorp.(wdc),"1,700.00",-1.39,-2.76,-1.97,-5.81
GenuinePartsCo.(gpc),1.37,891.8,2.27,2.24,1.6
"MartinMariettaMaterials,Inc.(mlm)","2,590.00",1.31,2.48,1.89,"4,274.00"
"AristaNetworks,Inc.(anet)",1.38,2.61,2.09,1.89,2.01
"OmnicomGroup,Inc.(omc)",2.72,4.5,3.12,3.94,2.8
WatersCorp.(wat),"5,356.20",2.01,1.38,1.44,1.09
AtmosEnergyCorp.(ato),2.39,1.79,"5,837.60","8,040.20",2.15
TheJ.M.SmuckerCo.(sjm),2.26,1.86,2.1,1.54,"7,120.00"
Brown-FormanCorp.(bf.b),1.28,2.31,2.82,1.86,1.59
AlliantEnergyCorp.(lnt),1.73,1.14,2.29,"9,710.00",1.28
RegionsFinancialCorp.(rf),1.62,3.89,4.09,3.9,3.94
SeagateTechnologyPlc(stx),3.2,3.2,3.18,2,9.83
"ExpediaGroup,Inc.(expe)",-13.97,"7,800.00",4.07,1.87,"-10,000.00"
"CitizensFinancialGroup,Inc.(RhodeIsland)(cfg)","3,400.00",4.5,4.49,4.53,4.39
"Xylem,Inc.(xyl)","3,800.00",1.18,"6,500.00",1.39,"7,900.00"
"NortonLifeLock,Inc.(nlok)",1.49,3.53,"3,500.00","2,600.00","3,000.00"
HalliburtonCo.(hal),-10.15,-16.54,2.96,"7,700.00",1.52
IDEXCorp.(iex),1.02,"9,685.00",1.05,1.13,1.1
"ConchoResources,Inc.(cxo)",-92.77,-4.71,5.54,"-9,700.00",-6.95
"UDR,Inc.(udr)",415.5,"9,692.80","2,617.30","3,458.80","2,349.20"
"NVR,Inc.(nvr)",1.76,2.56,2.24,2.1,1.88
WestinghouseAirBrakeTechnologiesCorp.(wab),1.11,1.37,"9,040.00",1.03,-400.6
"CboeGlobalMarkets,Inc.(cboe)","8,610.00",1.06,"8,760.00","9,460.00",1.37
SVBFinancialGroup(sivb),1.34,2.75,2.82,3.37,2.92
"JacobsEngineeringGroup,Inc.(j)",-1.16,1.86,"2,939.70","9,527.50",1.2
"PrincipalFinancialGroup,Inc.(pfg)",0,0,0,0,0
"UnitedRentals,Inc.(uri)",1.73,3.38,3.91,2.7,1.75
"ABIOMED,Inc.(abmd)","3,179.80","6,921.70","1,307.10","8,892.30","7,396.10"
E*TRADEFinancialCorp.(etfc),1.61,1.72,2.54,2.19,2.7
"PerkinElmer,Inc.(UnitedStates)(pki)","3,371.50","6,454.90","5,861.00","6,914.10","3,545.30"
CelaneseCorp.(ce),2.27,"4,400.00",2.7,2.11,3.39
"Gartner,Inc.(it)","7,509.70","6,770.10","4,138.80",1.03,"2,079.50"
"IngersollRand,Inc.(ir)","-3,680.00","2,580.00","4,130.00","4,490.00","4,710.00"
"VarianMedicalSystems,Inc.(var)","4,310.00","8,890.00","8,900.00","2,950.00","8,840.00"
BakerHughesCo.(bkr),-160.98,"9,500.00",1.17,"-1,100.00","7,100.00"
"C.H.RobinsonWorldwide,Inc.(chrw)","7,814.60","9,910.60",1.47,1.69,1.62
"HuntingtonBancshares,Inc.(hban)","4,800.00",3.17,3.72,3.64,3.58
RoyalCaribbeanCruisesLtd.(rcl),-14.37,2.8,8.9,4.8,2.57
FoxCorp.(foxa),"9,000.00",3.14,5.13,4.65,5.39
MGMResortsInternational(mgm),6.75,20.66,610.4,"7,616.90","6,615.70"
"J.B.HuntTransportServices,Inc.(jbht)",1.05,1.45,1.18,1.34,1.2
"NetApp,Inc.(ntap)",1.96,2.77,2.43,1.03,3.96
"DentsplySirona,Inc.(xray)",-1.4,1.03,"8,500.00","3,640.00","3,920.00"
"CenturyLink,Inc.(ctl)",3.14,2.23,3.02,3.71,-61.65
AveryDennisonCorp.(avy),1.34,1.63,1.45,1.43,-1.47
"Hasbro,Inc.(has)","-6,781.00",2.67,2.13,"1,343.30","2,672.70"
AllegionPlc(alle),50,"8,070.00",1.32,1.09,"8,030.00"
"LambWestonHoldings,Inc.(lw)",1.11,1.4,1.16,1.1,1.41
"AdvanceAutoParts,Inc.(aap)","4,358.80","9,590.70",1.24,1.25,1.43
EastmanChemicalCo.(emn),2.6,"2,700.00",2.67,2.59,2.09
CincinnatiFinancialCorp.(cinf),0,0,0,0,0
PackagingCorporationofAmerica(pkg),1.41,1.35,1.79,1.92,1.85
"DardenRestaurants,Inc.(dri)",2.33,"2,540.00",1.72,2.09,2.25
TheWesternUnionCo.(wu),1.77,1.35,1.35,6.15,1.73
"CenterPointEnergy,Inc.(cnp)",-10.53,1.57,2.7,1.95,1.69
"PulteGroup,Inc.(phm)",2.02,3.32,2.7,2.39,1.65
"RaymondJamesFinancial,Inc.(rjf)",1.69,2.67,2.64,2.59,2.61
"HostHotels&Resorts,Inc.(hst)",-300,"8,000.00",3.68,2.86,1.86
WynnResortsLtd.(wynn),-4.5,"-1,747.00","2,688.30",1.42,1.6
EverestReGroupLtd.(re),0,0,0,0,0
DISHNetworkCorp.(dish),"9,927.40",4.14,3.77,3.41,3.61
"NiSource,Inc.(ni)","7,560.00",-1.39,660,2.97,2.19
PinnacleWestCapitalCorp.(pnw),"3,486.60","6,885.40",3.17,1.49,"2,279.10"
LoewsCorp.(l),0,0,0,0,0
"FortuneBrandsHome&Security,Inc.(fbhs)",1.09,1.04,1.06,1.37,"8,450.00"
"HenrySchein,Inc.(hsic)",1.34,1.5,1.43,1.21,1.24
TheAESCorp.(aes),2.29,-1.2,2.98,"6,600.00",2.33
"UnitedAirlinesHoldings,Inc.(ual)",-17.04,6.41,10.24,10.52,2.92
W.R.BerkleyCorp.(wrb),0,0,0,0,0
"NRGEnergy,Inc.(nrg)",1.21,34.63,3.74,1.89,"9,400.00"
LKQCorp.(lkq),1.47,1.41,1.52,1.52,"9,906.30"
"F5Networks,Inc.(ffiv)","6,137.90","9,852.70","9,483.70","8,590.50",1.16
LincolnNationalCorp.(lnc),0,0,0,0,0
MylanNV(myl),"2,080.00","2,050.00",1.9,-1.69,"-2,500.00"
CampbellSoupCo.(cpb),1.66,1.68,1.71,1.69,-500
AlbemarleCorp.(alb),1.24,1.06,1.72,1.75,1.52
"UniversalHealthServices,Inc.(uhs)",1.44,2.47,1.01,2.41,2.37
"IronMountain,Inc.(irm)","6,397.50","3,770.00",1.08,"9,244.10","2,956.10"
RegencyCentersCorp.(reg),"-2,533.20","4,029.10","5,696.50","5,172.80","9,044.60"
"JuniperNetworks,Inc.(jnpr)","2,040.00",1.68,"9,930.00","4,620.00","3,110.00"
CabotOil&GasCorp.(cog),"5,391.00",1.47,"9,035.80",1.81,2.63
WhirlpoolCorp.(whr),1.47,2.88,3.64,"7,200.00",4.74
"Textron,Inc.(txt)","5,000.00",1.99,2.2,2.17,1.79
"DiamondbackEnergy,Inc.(fang)",-4,-4.72,3.88,3.56,"4,300.00"
"GlobeLife,Inc.(gl)",0,0,0,-4.3,-4.9
CarnivalCorp.(ccl),-7.81,4.23,17.8,4.51,3.36
"HuntingtonIngallsIndustries,Inc.(hii)",1.72,1.49,1.54,1.28,1.18
"Snap-On,Inc.(sna)",1.42,1.75,1.69,1.85,1.82
WestRockCo.(wrk),1.49,1.4,3.12,2.54,1.62
MolsonCoorsBeverageCo.(tap),-1.15,1.66,-3.99,3.3,1.49
PerrigoCo.Plc(prgo),1.06,"-1,900.00","9,220.00",900,"6,390.00"
"DaVita,Inc.(dva)",2.78,3,2.09,2.48,1.59
"LiveNationEntertainment,Inc.(lyv)",-2.25,-1.62,1.7,1.03,"-6,755.30"
"BorgWarner,Inc.(bwa)",1.37,2.37,2.07,1.82,1.71
"InterpublicGroupofCos.,Inc.(ipg)",260,3.42,1.68,1.73,-950
"Discovery,Inc.(disck)",4.07,5.11,2.97,9.87,4.18
"AmericanAirlinesGroup,Inc.(aal)",-22.41,4.14,4.25,6.62,1.85
A.O.SmithCorp.(aos),"5,170.00","9,130.00","8,730.00",1.02,"8,930.00"
"Assurant,Inc.(aiz)",0,0,0,0,0
"CFIndustriesHoldings,Inc.(cf)","9,100.00","9,400.00",1.14,3.2,1.18
VornadoRealtyTrust(vno),491.2,1.93,3.23,24,1.81
PentairPlc(pnr),"7,270.00",1.03,"9,130.00",1.15,"5,240.00"
FederalRealtyInvestmentTrust(frt),"5,250.60",1.45,"6,322.30","7,866.50","5,791.40"
"FranklinResources,Inc.(ben)","7,730.00",3.46,3.04,2.43,3.64
ZionsBancorporationNA(zion),"1,400.00",1.8,2.22,1.98,2.13
"RobertHalfInternational,Inc.(rhi)","8,991.50",1.13,1.17,1.15,1.1
"Rollins,Inc.(rol)","4,326.80","5,076.50","4,406.10","6,429.50","4,422.60"
"MohawkIndustries,Inc.(mhk)",1.1,2.65,1.56,2.03,1.22
ApartmentInvestment&ManagementCo.(aiv),667.9,1.33,200.3,"5,923.40",2.72
"Comerica,Inc.(cma)","-6,500.00",2.67,2.9,2.97,3.37
IPGPhotonicsCorp.(ipgp),"3,676.60",-430.3,"5,712.70","7,252.10","5,491.60"
"NewellBrands,Inc.(nwl)",-12.79,7.78,-4.54,"8,300.00","-7,180.00"
KimcoRealtyCorp.(kim),"8,306.00","9,215.20","5,839.40","8,583.30",1.01
"FLIRSystems,Inc.(flir)","1,542.40",168.4,"6,204.70","4,611.80","6,174.80"
"People'sUnitedFinancial,Inc.(pbct)",1.3,1.38,1.35,1.33,1.15
"QuantaServices,Inc.(pwr)","4,150.30",1.2,1.37,"2,845.90",1.21
NielsenHoldingsPlc(nlsn),"-1,300.00",-1.08,-4.68,1.26,"4,700.00"
MarathonOilCorp.(mro),"-4,600.00","-2,000.00",1.65,1.61,1.74
ApacheCorp.(apa),-46.4,-32.63,-1.35,-3.2,-200
DevonEnergyCorp.(dvn),-16.91,"1,100.00",1.38,1.64,-3.17
"NobleEnergy,Inc.(nbl)",-40.07,-11.88,"3,600.00",800,-2.89
SealedAirCorp.(see),1.14,1.24,"7,940.00","2,540.00","6,420.00"
"NationalOilwellVarco,Inc.(nov)",-20.49,-3.85,-2.49,-53.84,"-7,500.00"
HollyFrontierCorp.(hfc),-2.93,"8,106.80",2.98,2.17,2.76
TheMosaicCo.(mos),-2.04,-9.5,"-4,000.00",-2.3,1.3
"AlaskaAirGroup,Inc.(alk)",-2.32,1.81,3.22,2.62,400
FoxCorp.(fox),"9,000.00",3.14,5.13,4.65,5.39
NewsCorp.(nwsa),-10.36,1.03,-2.11,"-4,200.00","2,300.00"
"Leggett&Platt,Inc.(leg)","4,570.00","8,690.00","9,960.00","8,630.00","6,110.00"
NorwegianCruiseLineHoldingsLtd.(nclh),-18.81,1.21,4.51,2.4,1.18
SLGreenRealtyCorp.(slg),1.14,"1,605.90","3,304.90",1.61,"4,366.80"
"Hanesbrands,Inc.(hbi)",-787.4,1.85,1.88,1.54,"7,948.20"
DXCTechnologyCo.(dxc),-35.01,"9,000.00",-21.15,1.68,2.71
InvescoLtd.(ivz),"8,150.00",1.8,1.67,"4,010.00",1.72
"Tapestry,Inc.(tpr)",-6.77,2.99,"2,000.00",1.49,1.17
"Harley-Davidson,Inc.(hog)","6,969.50","1,349.60","8,656.30",1.96,1.28
PVHCorp.(pvh),-10.97,"-6,850.00",2.09,1.93,"8,160.00"
RalphLaurenCorp.(rl),-2.49,3.34,1.82,1.17,"3,160.00"
Kohl'sCorp.(kss),-5.41,2.65,1.23,2.41,"6,200.00"
FlowserveCorp.(fls),149,"7,124.60","7,056.30","6,047.40","5,949.60"
UnumGroup(unm),0,0,0,0,0
"Discovery,Inc.(disca)",4.07,5.11,2.97,9.87,4.18
"LBrands,Inc.(lb)",-2.97,-1.92,-2.52,"3,800.00","4,000.00"
"H&RBlock,Inc.(hrb)",-1.28,-1.84,-1.46,8.84,-1.2
TechnipFMCPlc(fti),-32.46,-24.3,-1.15,1.14,"1,980.00"
XeroxHoldingsCorp.(xrx),-200,2.66,2.22,1.84,1.36
"Gap,Inc.(gps)",-9.32,-1.84,1.4,1.68,2.27
AllianceDataSystemsCorp.(ads),"3,000.00",1.24,1.22,1.42,1.74
"Nordstrom,Inc.(jwn)",-5.21,1.93,1.26,1.41,"3,700.00"
"UnderArmour,Inc.(uaa)",-5.9,"-1,530.40",1.02,"-1,734.90","2,247.70"
"UnderArmour,Inc.(ua)",-5.9,"-1,530.40",1.02,"-1,734.90","2,247.70"
NewsCorp.(nws),-10.36,1.03,-2.11,"-4,200.00","2,300.00"
